{
  "auto_bind_via_klog": true,
  "auto_deploy_on_connect": true,
  "connect_beep_enabled": false,
  "connect_beep_type": 1,
  "pad_layout": {
    "create_btn": {
      "color": [
        0.7250000238418579,
        0.5490000247955322,
        1.0,
        1.0
      ],
      "scale": 1.309999942779541,
      "secondary_color": [
        1.0,
        1.0,
        1.0,
        1.0
      ],
      "x_offset": -0.04468274861574173,
      "y_offset": 0.006383247673511505
    },
    "dpad_down": {
      "color": [
        0.7250000238418579,
        0.5490000247955322,
        1.0,
        1.0
      ],
      "scale": 1.340000033378601,
      "secondary_color": [
        1.0,
        1.0,
        1.0,
        1.0
      ],
      "x_offset": 0.03510798141360283,
      "y_offset": 0.009574992582201958
    },
    "dpad_left": {
      "color": [
        0.7250000238418579,
        0.5490000247955322,
        1.0,
        1.0
      ],
      "scale": 1.340000033378601,
      "secondary_color": [
        1.0,
        1.0,
        1.0,
        1.0
      ],
      "x_offset": 0.03510798141360283,
      "y_offset": 0.009574992582201958
    },
    "dpad_right": {
      "color": [
        0.7250000238418579,
        0.5490000247955322,
        1.0,
        1.0
      ],
      "scale": 1.340000033378601,
      "secondary_color": [
        1.0,
        1.0,
        1.0,
        1.0
      ],
      "x_offset": 0.03510798141360283,
      "y_offset": 0.009574992582201958
    },
    "dpad_up": {
      "color": [
        0.7250000238418579,
        0.5490000247955322,
        1.0,
        1.0
      ],
      "scale": 1.340000033378601,
      "secondary_color": [
        1.0,
        1.0,
        1.0,
        1.0
      ],
      "x_offset": 0.03510798141360283,
      "y_offset": 0.009574992582201958
    },
    "face_buttons": {
      "color": [
        0.7250000238418579,
        0.5490000247955322,
        1.0,
        1.0
      ],
      "scale": 1.3799999952316284,
      "secondary_color": [
        1.0,
        1.0,
        1.0,
        1.0
      ],
      "x_offset": -0.04149111360311508,
      "y_offset": 0.025533005595207214
    },
    "l_stick": {
      "color": [
        0.7250000238418579,
        0.5490000247955322,
        1.0,
        1.0
      ],
      "scale": 1.0,
      "secondary_color": [
        1.0,
        1.0,
        1.0,
        1.0
      ],
      "x_offset": 0.0,
      "y_offset": 0.0
    },
    "options_btn": {
      "color": [
        0.7250000238418579,
        0.5490000247955322,
        1.0,
        1.0
      ],
      "scale": 1.309999942779541,
      "secondary_color": [
        1.0,
        1.0,
        1.0,
        1.0
      ],
      "x_offset": 0.04787437245249748,
      "y_offset": 0.015958121046423912
    },
    "ps_btn": {
      "color": [
        0.7250000238418579,
        0.5490000247955322,
        1.0,
        1.0
      ],
      "scale": 1.309999942779541,
      "secondary_color": [
        1.0,
        1.0,
        1.0,
        1.0
      ],
      "x_offset": 0.003191625000908971,
      "y_offset": -0.028724631294608116
    },
    "r_stick": {
      "color": [
        0.7250000238418579,
        0.5490000247955322,
        1.0,
        1.0
      ],
      "scale": 1.0,
      "secondary_color": [
        1.0,
        1.0,
        1.0,
        1.0
      ],
      "x_offset": 0.0,
      "y_offset": 0.0
    },
    "shoulders_l": {
      "color": [
        0.7250000238418579,
        0.5490000247955322,
        1.0,
        1.0
      ],
      "scale": 1.0,
      "secondary_color": [
        1.0,
        1.0,
        1.0,
        1.0
      ],
      "x_offset": 0.0,
      "y_offset": 0.0
    },
    "shoulders_r": {
      "color": [
        0.7250000238418579,
        0.5490000247955322,
        1.0,
        1.0
      ],
      "scale": 1.0,
      "secondary_color": [
        1.0,
        1.0,
        1.0,
        1.0
      ],
      "x_offset": 0.0,
      "y_offset": 0.0
    },
    "touchpad": {
      "color": [
        0.7250000238418579,
        0.5490000247955322,
        1.0,
        1.0
      ],
      "scale": 0.8799999952316284,
      "secondary_color": [
        1.0,
        1.0,
        1.0,
        1.0
      ],
      "x_offset": 0.0,
      "y_offset": 0.01595812663435936
    }
  },
  "payload_elf_path": ""
}
